{
    "swagger": "2.0",
    "info": {
        "title": "SmartParkingDBMS",
        "contact": {},
        "license": {
            "name": "Apache 2.0"
        },
        "version": "1.0"
    },
    "paths": {
        "/account": {
            "post": {
                "description": "Add new account endpoint, do not use weak pass or short username",
                "consumes": [
                    "application/x-www-form-urlencoded"
                ],
                "produces": [
                    "text/plain"
                ],
                "summary": "Add new account",
                "parameters": [
                    {
                        "type": "string",
                        "description": "Username",
                        "name": "username",
                        "in": "formData",
                        "required": true
                    },
                    {
                        "type": "string",
                        "description": "Password",
                        "name": "password",
                        "in": "formData",
                        "required": true
                    }
                ],
                "responses": {
                    "200": {
                        "description": "Success",
                        "schema": {
                            "type": "string"
                        }
                    },
                    "403": {
                        "description": "Failure reasons",
                        "schema": {
                            "type": "string"
                        }
                    }
                }
            },
            "delete": {
                "description": "Delete account endpoint",
                "consumes": [
                    "text/plain"
                ],
                "produces": [
                    "text/plain"
                ],
                "summary": "Delete account",
                "parameters": [
                    {
                        "type": "string",
                        "description": "Account ID",
                        "name": "id",
                        "in": "path",
                        "required": true
                    }
                ],
                "responses": {
                    "200": {
                        "description": "Success",
                        "schema": {
                            "type": "string"
                        }
                    },
                    "403": {
                        "description": "Failure reasons",
                        "schema": {
                            "type": "string"
                        }
                    }
                }
            }
        },
        "/backup": {
            "get": {
                "description": "Send source file endpoint (requires authentication)",
                "consumes": [
                    "text/plain"
                ],
                "produces": [
                    "application/octet-stream"
                ],
                "summary": "Send source code file",
                "responses": {}
            }
        },
        "/captcha": {
            "get": {
                "description": "Generate new captcha endpoint",
                "consumes": [
                    "text/plain"
                ],
                "produces": [
                    "application/json"
                ],
                "summary": "Generate new captcha",
                "responses": {
                    "200": {
                        "description": "Success",
                        "schema": {
                            "type": "string"
                        }
                    }
                }
            }
        },
        "/login": {
            "post": {
                "description": "User login endpoint",
                "consumes": [
                    "application/x-www-form-urlencoded"
                ],
                "produces": [
                    "text/plain"
                ],
                "summary": "User login",
                "parameters": [
                    {
                        "type": "string",
                        "description": "Username",
                        "name": "username",
                        "in": "formData",
                        "required": true
                    },
                    {
                        "type": "string",
                        "description": "Password",
                        "name": "password",
                        "in": "formData",
                        "required": true
                    },
                    {
                        "type": "string",
                        "description": "Captcha Key",
                        "name": "captcha_key",
                        "in": "formData",
                        "required": true
                    },
                    {
                        "type": "string",
                        "description": "Captcha Token",
                        "name": "captcha_token",
                        "in": "formData",
                        "required": true
                    }
                ],
                "responses": {
                    "200": {
                        "description": "Success",
                        "schema": {
                            "type": "string"
                        }
                    },
                    "403": {
                        "description": "Failure reasons",
                        "schema": {
                            "type": "string"
                        }
                    }
                }
            }
        },
        "/test": {
            "post": {
                "description": "Test template endpoint (requires authentication)",
                "consumes": [
                    "text/plain"
                ],
                "produces": [
                    "text/plain"
                ],
                "summary": "Test template",
                "parameters": [
                    {
                        "description": "Template body",
                        "name": "body",
                        "in": "body",
                        "schema": {
                            "type": "string"
                        }
                    }
                ],
                "responses": {
                    "200": {
                        "description": "When Success",
                        "schema": {
                            "type": "string"
                        }
                    },
                    "500": {
                        "description": "Error",
                        "schema": {
                            "type": "string"
                        }
                    }
                }
            }
        },
        "/vehicleInfo": {
            "get": {
                "description": "Query parking information endpoint",
                "consumes": [
                    "application/x-www-form-urlencoded"
                ],
                "produces": [
                    "text/plain"
                ],
                "summary": "Query parking information",
                "parameters": [
                    {
                        "type": "string",
                        "description": "Plate number",
                        "name": "plate",
                        "in": "path",
                        "required": true
                    }
                ],
                "responses": {
                    "200": {
                        "description": "Success",
                        "schema": {
                            "type": "string"
                        }
                    },
                    "403": {
                        "description": "Failure reasons",
                        "schema": {
                            "type": "string"
                        }
                    }
                }
            },
            "post": {
                "description": "Add new parking information endpoint",
                "consumes": [
                    "application/x-www-form-urlencoded"
                ],
                "produces": [
                    "text/plain"
                ],
                "summary": "Add new parking information",
                "parameters": [
                    {
                        "type": "string",
                        "description": "Driver ID",
                        "name": "driver_id",
                        "in": "formData",
                        "required": true
                    },
                    {
                        "type": "string",
                        "description": "Driver Name",
                        "name": "driver_name",
                        "in": "formData",
                        "required": true
                    },
                    {
                        "type": "string",
                        "description": "Plate Number",
                        "name": "plate",
                        "in": "formData",
                        "required": true
                    },
                    {
                        "type": "string",
                        "description": "Description",
                        "name": "describe",
                        "in": "formData"
                    }
                ],
                "responses": {
                    "200": {
                        "description": "Success",
                        "schema": {
                            "type": "string"
                        }
                    },
                    "403": {
                        "description": "Failure reasons",
                        "schema": {
                            "type": "string"
                        }
                    }
                }
            },
            "delete": {
                "description": "Delete parking information endpoint",
                "consumes": [
                    "application/x-www-form-urlencoded"
                ],
                "produces": [
                    "text/plain"
                ],
                "summary": "Delete parking information",
                "parameters": [
                    {
                        "type": "string",
                        "description": "Parking ID",
                        "name": "id",
                        "in": "path",
                        "required": true
                    }
                ],
                "responses": {
                    "200": {
                        "description": "Success",
                        "schema": {
                            "type": "string"
                        }
                    },
                    "403": {
                        "description": "Failure reasons",
                        "schema": {
                            "type": "string"
                        }
                    }
                }
            }
        }
    }
}